month_key,product_key,region_key,revenue_nzd,direct_cost_nzd,opex_nzd,budget_revenue_nzd,budget_cost_nzd
202401,1,1,158287.36,116165.25,21434.01,208250.99,130459.58
202401,1,2,298710.04,200153.23,41428.56,211073.4,144227.19
202401,1,3,259823.37,147349.83,37164.21,205960.38,125802.38
202401,1,4,289377.75,188345.99,27909.64,204459.28,134613.87
202401,1,5,208070.69,133902.4,21946.14,212424.16,142142.02
202401,1,6,90238.79,66664.78,8132.77,204826.7,125323.5
202401,2,1,114642.0,82499.68,5873.96,209497.68,142789.66
202401,2,2,193013.15,124267.27,11659.58,212865.87,129471.24
202401,2,3,275485.46,182844.11,39427.23,205690.66,132922.99
202401,2,4,209532.36,120825.06,11825.1,208753.49,143432.18
202401,2,5,206331.48,117936.27,27844.93,211585.08,148000.09
202401,2,6,219516.51,156893.01,15994.79,208894.25,143773.99
202401,3,1,249450.48,145410.54,34825.27,307303.54,187964.02
202401,3,2,333165.43,204085.43,27803.57,311175.1,200632.83
202401,3,3,324937.59,197244.77,39309.53,315943.34,210636.69
202401,3,4,277026.26,194462.78,14108.73,316121.94,194191.71
202401,3,5,289660.09,186187.9,35704.33,306553.7,193772.19
202401,3,6,209706.62,147539.63,21125.03,318607.69,214635.99
202401,4,1,278891.43,183622.12,13968.76,312573.07,188521.89
202401,4,2,303370.62,167309.06,41831.36,306233.08,184792.07
202401,4,3,267271.32,159258.17,31133.94,313744.01,193741.16
202401,4,4,256323.49,172999.94,26082.51,315003.61,216210.36
202401,4,5,387255.86,260010.65,23770.41,320830.4,221831.99
202401,4,6,304097.14,174088.36,41248.13,310775.7,208662.36
202401,5,1,262009.11,156271.08,27617.97,157368.52,110043.67
202401,5,2,81384.43,55955.54,11308.47,159743.2,96811.87
202401,5,3,189201.64,129486.27,22523.65,153703.82,105055.17
202401,5,4,162777.52,104221.63,14218.39,155271.35,94777.93
202401,5,5,163721.86,113477.74,10487.72,158916.77,111162.75
202401,5,6,91017.74,67857.34,13440.03,159276.53,103913.46
202401,6,1,167646.28,94093.15,17988.47,157588.16,95573.49
202401,6,2,142875.62,84962.25,20747.46,159016.55,108394.44
202401,6,3,121038.93,85577.75,12703.23,155862.6,104173.2
202401,6,4,147901.06,101470.99,13103.9,154237.51,107510.75
202401,6,5,95171.31,54454.64,6004.57,156478.02,96083.83
202401,6,6,226587.18,135923.32,15863.74,156785.87,108993.08
202402,1,1,223208.36,147689.54,15557.95,211604.74,134511.4
202402,1,2,168409.74,112567.95,17277.73,209717.21,141886.85
202402,1,3,229685.14,155944.4,20953.86,210239.74,136203.39
202402,1,4,188712.86,129711.77,12541.9,205783.99,135198.51
202402,1,5,165476.8,101107.17,21852.33,211981.69,144856.12
202402,1,6,171321.29,111386.62,23193.54,208578.96,128781.13
202402,2,1,213886.11,157565.9,14310.39,204061.63,137470.29
202402,2,2,150340.46,83873.8,9587.93,204516.48,140087.95
202402,2,3,142189.45,80285.45,19299.02,212449.98,147059.59
202402,2,4,219906.05,148766.76,26665.97,209387.81,128929.37
202402,2,5,162920.91,90209.32,15607.43,208344.57,131248.52
202402,2,6,230133.04,156405.21,19107.52,204341.75,138485.6
202402,3,1,353491.72,238288.21,44694.03,307120.73,194217.36
202402,3,2,251552.74,146209.83,21990.63,307503.9,200399.41
202402,3,3,260102.1,186168.13,17452.75,311847.61,212133.99
202402,3,4,328697.8,211662.73,36154.33,320286.78,203841.51
202402,3,5,303171.21,217371.84,36132.45,312580.26,218072.06
202402,3,6,315531.6,213536.19,36857.18,319688.47,208848.46
202402,4,1,316618.91,227723.71,40149.06,317296.01,198677.44
202402,4,2,274181.21,194839.48,30264.14,308289.84,188372.35
202402,4,3,283001.37,173030.1,38242.91,314112.76,200681.0
202402,4,4,213776.94,144152.75,30280.82,307086.82,194760.05
202402,4,5,240119.81,132686.37,21841.5,310336.04,203841.41
202402,4,6,180403.99,101235.01,13683.25,319487.26,219138.31
202402,5,1,122304.49,86633.38,17134.29,155771.98,108711.26
202402,5,2,148301.85,85144.16,8141.61,155604.38,98864.21
202402,5,3,111512.78,82627.83,16044.68,154971.93,102415.74
202402,5,4,81682.23,50739.93,11975.75,154529.46,94120.98
202402,5,5,157431.18,96822.64,14154.56,158319.29,97571.53
202402,5,6,97835.04,67134.79,7409.75,154689.18,97184.63
202402,6,1,116890.72,79717.16,12295.98,157246.68,100873.16
202402,6,2,122548.35,71665.7,16281.55,155754.21,103349.81
202402,6,3,235071.02,148551.01,12017.42,155835.48,95634.44
202402,6,4,154190.84,89404.77,19600.21,153530.56,103380.54
202402,6,5,94320.09,62300.86,14134.09,153306.21,99340.35
202402,6,6,47004.39,34611.92,5695.72,153620.14,105899.18
202403,1,1,300734.91,197734.14,31935.28,204126.46,133153.18
202403,1,2,254491.36,155101.74,36784.86,208839.42,133142.49
202403,1,3,161860.85,109918.16,20467.64,204616.63,127946.68
202403,1,4,198559.2,132569.25,26615.41,208243.84,127912.92
202403,1,5,204255.9,121098.4,19123.35,207257.78,140054.81
202403,1,6,273563.53,197814.38,32328.13,212013.58,137873.55
202403,2,1,271970.29,153279.97,34645.86,210082.06,145212.58
202403,2,2,204329.56,120646.33,25808.73,206840.13,139556.61
202403,2,3,238176.14,137923.09,30885.2,213171.01,146544.3
202403,2,4,148200.01,86793.29,7450.52,207337.03,128800.64
202403,2,5,147622.77,108235.35,10024.5,211801.71,130567.89
202403,2,6,204804.24,132041.66,16638.8,208394.54,132223.51
202403,3,1,264805.88,162311.52,13418.86,306481.23,212458.61
202403,3,2,319714.58,229088.24,42894.99,313334.5,206572.43
202403,3,3,234502.39,149516.17,27677.82,318717.85,199755.61
202403,3,4,329403.85,193227.87,43411.01,312500.12,211023.08
202403,3,5,305103.05,196583.71,18968.82,310622.03,216241.64
202403,3,6,342424.83,221266.6,18133.17,308806.1,198791.89
202403,4,1,231082.46,161612.43,18456.84,319480.18,192584.3
202403,4,2,313623.41,203758.76,42651.06,309508.97,199370.74
202403,4,3,224181.45,158606.74,14177.9,320043.21,215557.69
202403,4,4,285777.59,209528.16,30679.77,316529.25,206228.87
202403,4,5,289373.5,200241.48,18660.62,306703.77,195234.31
202403,4,6,307261.43,184491.48,28831.8,308645.96,209042.97
202403,5,1,103707.24,59173.1,14741.82,158551.51,100008.95
202403,5,2,241443.21,135393.91,16640.63,160427.21,108583.66
202403,5,3,183364.2,113828.99,25828.97,157585.72,104462.32
202403,5,4,193046.37,119589.17,11485.72,156979.79,107011.04
202403,5,5,69077.28,42746.02,6377.29,158650.02,104959.34
202403,5,6,94241.63,63620.8,11829.85,157969.07,107340.48
202403,6,1,172197.74,103246.89,16008.15,160157.17,107745.45
202403,6,2,136784.44,92293.02,8710.42,159180.63,98032.69
202403,6,3,235640.77,146180.54,26696.5,154279.27,100281.97
202403,6,4,192604.2,118168.85,9678.29,156794.11,108791.56
202403,6,5,141876.88,104934.03,17649.01,156457.46,108965.42
202403,6,6,139971.41,79311.53,13811.26,157551.31,103949.03
202404,1,1,191449.82,133058.16,18291.53,205665.27,126335.07
202404,1,2,190496.62,142527.12,12237.83,213841.3,135955.51
202404,1,3,203768.77,129986.75,17063.72,206982.12,132335.48
202404,1,4,215242.35,121006.44,15709.98,206493.12,129990.31
202404,1,5,160828.27,94622.79,18682.49,213352.94,130953.8
202404,1,6,228517.81,162076.78,31999.76,208227.77,141365.29
202404,2,1,225744.78,163188.14,25478.08,211233.25,142083.54
202404,2,2,193083.82,142465.95,22592.99,210270.22,143509.53
202404,2,3,328494.33,226529.67,24907.88,204999.93,130292.64
202404,2,4,134179.67,99590.43,14381.05,212850.51,128671.02
202404,2,5,203715.5,139751.73,24454.74,209412.53,139766.79
202404,2,6,71456.37,47853.47,5620.69,208441.8,141239.07
202404,3,1,291546.17,167977.16,38316.03,309179.67,216071.35
202404,3,2,301905.04,177875.21,18762.69,316615.01,206741.68
202404,3,3,312444.6,190888.33,20124.94,309060.77,212345.81
202404,3,4,307081.26,169544.19,38140.57,306457.29,195102.59
202404,3,5,262626.5,179557.22,38010.9,306428.01,185625.54
202404,3,6,295188.63,213862.47,22960.41,313761.0,197541.45
202404,4,1,315965.15,212741.62,20712.3,309935.84,190130.9
202404,4,2,285662.82,194014.13,39482.68,314059.63,216847.79
202404,4,3,254809.45,174669.18,36265.12,314476.63,188741.93
202404,4,4,337195.53,236738.64,22231.43,316538.04,206461.01
202404,4,5,297771.96,199661.52,30864.41,319146.12,201229.66
202404,4,6,256915.17,179109.4,22440.34,311262.59,194749.02
202404,5,1,138288.59,85572.74,17371.74,158064.44,110039.42
202404,5,2,114459.3,67625.69,14785.49,156126.83,102188.26
202404,5,3,228210.36,165873.78,13881.11,156252.83,96636.61
202404,5,4,147637.34,87731.65,20636.49,159925.59,106596.55
202404,5,5,153511.59,86255.9,9785.97,158548.71,99994.4
202404,5,6,116141.61,77075.27,7200.15,159007.62,97313.68
202404,6,1,72815.04,51140.29,9565.77,158903.01,111071.01
202404,6,2,186555.64,106784.58,20690.0,153233.11,100175.62
202404,6,3,198561.37,110515.57,28942.41,155303.4,94627.39
202404,6,4,190273.52,116572.03,16659.88,156768.81,105127.16
202404,6,5,134563.52,85229.81,9085.75,154061.81,103582.83
202404,6,6,198218.4,148175.61,10135.26,156684.83,107508.56
202405,1,1,125218.41,70653.34,10550.69,212726.4,134808.7
202405,1,2,195472.21,113669.13,27769.25,207040.66,143322.74
202405,1,3,147407.96,100595.84,21396.27,213309.03,136491.97
202405,1,4,252356.19,143652.42,20066.06,206207.2,126422.28
202405,1,5,252720.93,166685.03,18030.31,211226.94,133966.1
202405,1,6,248535.1,177334.4,27142.46,208401.34,140704.71
202405,2,1,256633.64,173934.28,34510.59,205762.45,141183.43
202405,2,2,160757.79,91043.63,12917.35,211829.25,147757.55
202405,2,3,183776.59,102677.22,17379.39,209319.22,133255.12
202405,2,4,195864.51,138323.17,21151.95,207460.74,141457.8
202405,2,5,155749.8,91266.28,11196.95,206883.14,127302.12
202405,2,6,208857.67,119018.98,11180.56,205333.26,135812.25
202405,3,1,374411.97,218868.37,25417.19,312424.55,187593.35
202405,3,2,292115.61,170299.2,35179.77,320829.55,211208.91
202405,3,3,299277.04,174639.61,25831.0,310586.84,213263.44
202405,3,4,293576.11,205719.85,16987.09,310176.53,196536.99
202405,3,5,313143.18,177616.82,34754.67,319589.37,223627.26
202405,3,6,344993.84,198680.22,25312.74,315386.75,196633.66
202405,4,1,275883.3,152960.4,36002.53,320978.72,222250.49
202405,4,2,329682.78,191388.73,24604.07,310442.68,204794.08
202405,4,3,355579.66,229060.17,23864.11,316104.52,191057.15
202405,4,4,250600.05,146284.99,20739.48,314579.26,205108.75
202405,4,5,237849.77,145802.59,32485.42,313591.1,211223.69
202405,4,6,433803.08,267266.56,25146.75,315741.09,207494.08
202405,5,1,139846.16,89250.07,19570.29,156616.99,105429.8
202405,5,2,194532.74,134343.32,24581.08,154508.46,95228.14
202405,5,3,33929.78,23803.54,2860.01,153825.84,95710.97
202405,5,4,117338.95,82632.04,7904.72,153166.27,100720.23
202405,5,5,207843.09,127967.64,12139.14,157654.09,104242.1
202405,5,6,77899.73,54208.12,6558.96,154031.21,94757.09
202405,6,1,147404.05,90432.12,16396.55,158021.73,109389.38
202405,6,2,118409.96,87224.91,5949.41,159571.82,99759.05
202405,6,3,227175.29,129037.72,18381.06,155238.28,101419.55
202405,6,4,169605.65,102475.23,21577.74,160089.61,99428.01
202405,6,5,47304.05,29601.96,4734.59,153233.45,93081.51
202405,6,6,146308.39,100692.27,7595.05,157564.33,98681.94
202406,1,1,235497.63,151938.57,19412.48,206429.22,142867.19
202406,1,2,238089.7,141410.28,30049.96,205017.85,138150.12
202406,1,3,268085.99,185822.42,28558.79,206002.17,134703.79
202406,1,4,235921.45,144906.93,15709.64,213254.3,148339.47
202406,1,5,231675.44,165366.42,26983.79,209940.89,127509.99
202406,1,6,224910.42,129218.94,31561.93,211047.29,140430.9
202406,2,1,286990.78,165874.84,25222.43,204048.47,136361.43
202406,2,2,158936.43,111384.25,15393.45,212953.08,130176.48
202406,2,3,271648.73,180855.56,31221.25,206746.71,126582.89
202406,2,4,151915.78,95282.84,16770.43,207424.97,132700.56
202406,2,5,200268.21,124597.17,25118.89,211287.88,133961.02
202406,2,6,241124.68,175651.63,25240.36,212154.79,133991.57
202406,3,1,269134.55,196831.15,33916.67,313362.35,193263.44
202406,3,2,359912.34,241484.12,41352.7,309837.86,188099.1
202406,3,3,272688.12,163678.57,16380.55,320803.33,192718.07
202406,3,4,326339.54,222577.96,18585.81,311080.45,206910.49
202406,3,5,273333.7,185511.75,38893.86,319771.87,198236.18
202406,3,6,335719.37,218177.14,22690.36,315668.43,220291.19
202406,4,1,372659.62,232217.29,25685.74,310175.2,186654.55
202406,4,2,324405.15,197687.85,39048.98,312182.27,207014.32
202406,4,3,365882.95,230620.34,18797.92,312446.05,188208.6
202406,4,4,284255.64,173698.79,42480.67,310071.87,191394.32
202406,4,5,330718.26,210757.8,30474.73,319749.52,212546.46
202406,4,6,338041.02,227435.18,35365.14,307982.29,193064.2
202406,5,1,102087.04,70727.26,14112.94,155184.81,98867.07
202406,5,2,167997.83,113203.78,22231.56,154485.34,96222.21
202406,5,3,202804.76,115300.99,24160.68,155277.09,98224.85
202406,5,4,146883.03,106480.97,11693.76,156667.17,106431.19
202406,5,5,194884.69,138468.14,28813.37,153284.39,104917.96
202406,5,6,186164.65,122473.58,14033.11,159469.65,103645.57
202406,6,1,89958.04,52126.26,8613.09,158873.17,96234.53
202406,6,2,47314.31,31528.37,3049.56,154431.37,103285.49
202406,6,3,154511.69,103647.27,19506.94,158368.32,106605.2
202406,6,4,159777.97,94091.82,21102.95,153991.08,98636.65
202406,6,5,209961.99,117653.68,17489.88,158693.22,96709.07
202406,6,6,169702.89,108265.06,16260.97,159328.62,108647.88
202407,1,1,168983.75,93653.29,12608.36,212081.04,140499.6
202407,1,2,159248.08,96661.72,18363.02,208678.54,131618.66
202407,1,3,226260.94,136204.29,15643.53,210606.14,128762.41
202407,1,4,145051.17,82587.46,9076.54,208199.78,126963.7
202407,1,5,193422.09,144825.65,21873.73,205314.21,137643.78
202407,1,6,121849.71,80494.4,17029.47,213610.92,139591.84
202407,2,1,251087.86,145383.15,35867.2,212668.79,127851.19
202407,2,2,124219.83,75419.58,14614.73,208578.25,143782.41
202407,2,3,158447.69,95346.09,15893.75,209514.58,128622.97
202407,2,4,297146.23,186655.79,22107.07,208673.3,126327.91
202407,2,5,239444.64,165022.29,18890.57,209122.56,130222.13
202407,2,6,201774.66,140199.76,27848.59,211978.55,129376.84
202407,3,1,353799.24,217836.28,25204.85,317117.64,217545.38
202407,3,2,260921.67,191529.25,30026.16,313781.99,197369.62
202407,3,3,355291.95,236942.98,28363.33,315747.39,209080.36
202407,3,4,249813.38,144266.63,17150.86,320477.57,201694.65
202407,3,5,264692.21,183905.97,23227.63,310045.01,192619.88
202407,3,6,259687.62,149842.42,16218.63,317639.07,213912.48
202407,4,1,322389.99,234757.42,28372.75,315203.06,218174.83
202407,4,2,227997.38,134112.32,12947.98,311904.71,207814.83
202407,4,3,211221.15,139202.78,16436.66,310565.37,195952.98
202407,4,4,273651.62,182967.2,15546.66,311096.86,209292.08
202407,4,5,247421.19,172906.07,14383.15,317511.22,220210.07
202407,4,6,297376.02,177266.84,18936.76,310413.3,210488.54
202407,5,1,47077.65,29421.48,3284.12,156817.04,97360.55
202407,5,2,124090.29,83574.43,17847.94,155642.54,94317.32
202407,5,3,188429.07,125866.68,23035.26,155794.12,103765.84
202407,5,4,174424.58,100756.73,24243.15,156315.04,94814.75
202407,5,5,152733.59,95084.1,15612.22,157875.28,96804.46
202407,5,6,124682.63,89635.85,16312.31,153178.59,98490.12
202407,6,1,155643.87,112489.6,11461.84,157667.15,100502.46
202407,6,2,131507.11,79362.01,19652.3,159873.79,97073.73
202407,6,3,180943.84,109005.46,23258.2,159614.08,101648.5
202407,6,4,177627.74,99292.5,11550.58,157518.93,107271.5
202407,6,5,268359.81,184854.42,25901.01,158938.85,110330.66
202407,6,6,207915.06,146555.22,20741.96,153075.88,93523.89
202408,1,1,201742.81,113303.14,23439.09,205164.87,143216.36
202408,1,2,240304.02,136149.61,32303.69,205544.46,130019.15
202408,1,3,190146.05,126703.6,24764.29,206469.55,132719.68
202408,1,4,176543.89,120009.64,21769.89,213081.68,143443.74
202408,1,5,321414.61,214055.84,26938.68,210803.71,135058.19
202408,1,6,193921.36,118281.95,22497.65,207272.55,137831.92
202408,2,1,127622.6,76739.35,15578.15,204771.06,140329.0
202408,2,2,174238.83,116014.44,13865.61,204120.09,131140.81
202408,2,3,268962.33,173373.98,13484.13,213173.11,131819.51
202408,2,4,217828.64,151769.54,22807.53,212600.66,139372.7
202408,2,5,217811.86,162412.27,20283.34,209694.26,140765.84
202408,2,6,233496.7,129465.27,16275.44,209948.12,134985.48
202408,3,1,278380.9,204540.69,39766.22,317709.06,198265.68
202408,3,2,271065.54,176036.91,20068.82,311997.67,213295.93
202408,3,3,293858.93,216129.62,38127.78,308753.35,199526.6
202408,3,4,240057.89,143222.31,32626.2,309781.42,211239.7
202408,3,5,368355.04,267432.33,29609.85,308537.77,196518.9
202408,3,6,260821.93,169260.14,21666.15,320468.05,199230.41
202408,4,1,252249.25,158757.57,23209.9,309964.91,192411.17
202408,4,2,334643.51,225247.91,21308.59,313687.49,209161.26
202408,4,3,298202.53,206699.96,19502.26,311797.71,206827.19
202408,4,4,294059.43,208192.9,42689.34,316190.07,203659.08
202408,4,5,285770.58,210976.86,22060.52,307910.97,207152.59
202408,4,6,265431.38,190952.65,36831.28,313693.89,205847.51
202408,5,1,148818.07,95958.84,20512.68,159029.73,97592.45
202408,5,2,179295.96,120003.53,10407.59,157768.63,100802.42
202408,5,3,228399.38,170836.5,18945.84,156347.2,103840.24
202408,5,4,219946.99,151658.69,29325.1,155141.69,107600.09
202408,5,5,126262.34,86587.37,18612.36,157724.34,104945.55
202408,5,6,147476.14,100576.65,10776.04,154209.57,98760.3
202408,6,1,159923.45,96253.84,12612.38,157538.39,97708.78
202408,6,2,169937.66,118122.5,14184.19,160042.47,102875.52
202408,6,3,146914.34,102215.74,8710.28,155951.82,104004.97
202408,6,4,158827.56,107206.69,18906.0,157802.57,110064.35
202408,6,5,182255.08,133314.2,24849.52,159476.0,100194.37
202408,6,6,135404.37,74745.36,9218.76,153166.22,103945.92
202409,1,1,169398.65,119494.12,22433.73,213131.73,142358.63
202409,1,2,222731.26,151298.56,15530.14,213368.31,137664.54
202409,1,3,216127.81,145930.98,23355.05,205894.92,138280.97
202409,1,4,231945.27,171619.81,30811.34,204841.58,137568.88
202409,1,5,223747.56,124210.79,21177.82,208777.14,130980.72
202409,1,6,144550.8,80695.05,20867.45,211483.27,129142.69
202409,2,1,175692.0,98826.23,10921.14,212096.82,138729.62
202409,2,2,119875.46,81926.33,6856.85,206699.62,129934.78
202409,2,3,227106.39,151298.97,30713.56,212897.69,134377.31
202409,2,4,220297.49,162278.07,24344.84,206301.65,127912.73
202409,2,5,281525.53,176513.15,23205.98,204998.26,132480.09
202409,2,6,137661.79,85829.99,19676.64,207025.16,143982.14
202409,3,1,308322.92,183240.13,29572.33,315606.1,196401.01
202409,3,2,347092.32,236274.16,26702.54,310626.61,208944.65
202409,3,3,306261.85,206965.45,27990.8,319247.45,213527.47
202409,3,4,282797.1,160878.52,15460.24,315233.53,205783.94
202409,3,5,334674.29,231584.85,17532.68,308834.0,201267.93
202409,3,6,293634.47,218381.91,24625.78,316342.8,214295.39
202409,4,1,286831.07,187327.8,27582.64,315730.75,208003.33
202409,4,2,279971.27,157660.18,41885.84,316777.51,210887.68
202409,4,3,296580.28,206787.43,28132.43,308954.12,195871.09
202409,4,4,199922.66,134876.22,15348.9,315329.21,208693.14
202409,4,5,386137.15,247407.14,43230.14,307104.36,206790.83
202409,4,6,268773.42,189196.52,25448.6,314335.17,214890.48
202409,5,1,142562.69,105933.37,12083.59,158409.59,98561.09
202409,5,2,168324.92,114723.17,17421.28,159174.33,106550.54
202409,5,3,136642.32,89305.13,17530.26,156650.57,106862.23
202409,5,4,66220.02,42043.15,8297.56,153333.76,92695.44
202409,5,5,198469.48,135291.2,22579.91,154634.05,101694.24
202409,5,6,163903.97,112714.74,8858.89,156076.46,106304.73
202409,6,1,211516.2,117075.55,14051.66,155758.27,106153.7
202409,6,2,165688.64,111864.39,13754.1,157096.85,106710.33
202409,6,3,143606.13,103538.36,13785.53,153580.58,93950.88
202409,6,4,133047.24,77052.82,7347.04,157403.47,97283.16
202409,6,5,190206.59,104877.04,28420.34,155031.12,99345.44
202409,6,6,168383.86,106669.81,23099.84,154840.1,98982.01
202410,1,1,281674.01,157937.84,39731.12,206554.67,130952.17
202410,1,2,142509.7,99675.15,7765.7,207907.62,141455.23
202410,1,3,299978.95,175967.4,21672.36,211752.18,142311.22
202410,1,4,215353.62,134147.12,18346.84,211904.74,138434.21
202410,1,5,140073.53,98724.47,18750.68,210928.76,128312.64
202410,1,6,184924.51,109347.04,19164.01,204957.82,135988.44
202410,2,1,222139.8,139277.42,13255.35,204666.88,139464.45
202410,2,2,221637.9,127213.64,16449.21,207467.32,126500.99
202410,2,3,188558.62,108516.22,11564.86,212107.48,137726.66
202410,2,4,164012.8,110739.02,20613.2,208386.69,136343.98
202410,2,5,269691.77,197164.74,25678.96,208379.76,133110.66
202410,2,6,105632.63,75798.76,5570.11,204099.28,124485.48
202410,3,1,273900.35,170849.65,38826.2,308334.59,185561.84
202410,3,2,336095.88,210831.58,30074.25,315188.24,199174.09
202410,3,3,275553.98,154415.38,22827.3,313649.01,188835.08
202410,3,4,220833.12,140205.68,16093.32,308427.36,213168.39
202410,3,5,317829.92,188096.87,29535.01,320868.08,198897.48
202410,3,6,297031.22,171597.77,21592.35,306417.71,191616.96
202410,4,1,220439.13,122109.56,32185.32,307659.39,198751.0
202410,4,2,331715.63,213298.83,34453.45,309486.85,187200.77
202410,4,3,240355.04,174565.88,35317.12,316407.8,214563.19
202410,4,4,272665.28,162749.82,30770.23,308754.75,192115.25
202410,4,5,299856.04,166458.64,38991.59,309234.65,199510.15
202410,4,6,259861.31,145630.42,37603.51,312053.49,201487.01
202410,5,1,179647.7,110235.92,23254.13,158208.6,95397.76
202410,5,2,81154.34,52208.29,4473.17,160335.11,102175.21
202410,5,3,199245.5,111061.92,19751.63,155807.96,108968.63
202410,5,4,69301.99,49560.39,8195.37,156938.3,104035.01
202410,5,5,164136.28,100211.45,12533.71,153033.34,104895.18
202410,5,6,170079.89,104825.77,20787.05,153856.34,98548.71
202410,6,1,143599.25,93231.53,9049.17,156897.03,105785.5
202410,6,2,190939.95,133722.48,11029.7,159920.97,96672.98
202410,6,3,208009.57,138880.23,18242.86,156784.57,101303.55
202410,6,4,194888.34,139479.02,11387.16,155818.04,105824.36
202410,6,5,108436.63,63619.89,13073.21,156888.54,99106.91
202410,6,6,212598.77,155581.35,22953.57,157359.71,98883.23
202411,1,1,264828.64,184858.12,38153.8,204486.42,134224.12
202411,1,2,172372.26,101047.03,23766.48,209509.71,145291.09
202411,1,3,202513.75,135501.73,16035.8,211411.0,137461.84
202411,1,4,151454.69,109756.86,19436.81,204842.18,128816.17
202411,1,5,170827.41,119369.32,12084.55,208664.56,136697.94
202411,1,6,293705.24,177720.8,42045.6,213180.51,132921.6
202411,2,1,245237.61,168531.48,19429.64,211086.84,130435.78
202411,2,2,229193.83,158784.41,33069.66,210523.82,127453.81
202411,2,3,108796.92,75729.45,7156.71,209791.15,128398.6
202411,2,4,221017.35,131053.2,19280.91,210079.4,146970.83
202411,2,5,159829.88,113335.31,20021.54,210336.41,133852.59
202411,2,6,265416.88,168579.1,22177.31,206520.73,135794.16
202411,3,1,266227.91,160824.58,13390.05,320681.43,218828.16
202411,3,2,301428.97,176690.33,39157.14,306519.49,209340.7
202411,3,3,362752.47,231219.74,35172.59,318224.34,218358.29
202411,3,4,348408.98,244153.66,38063.33,310532.55,204628.29
202411,3,5,332045.5,218723.58,30739.94,319754.62,217661.82
202411,3,6,401451.35,277795.81,31301.37,314194.32,193590.52
202411,4,1,316266.39,174025.13,18286.56,316777.47,215162.79
202411,4,2,259871.61,152459.85,37157.29,310861.46,195786.22
202411,4,3,260813.4,176601.41,19830.51,313881.51,205094.95
202411,4,4,385502.05,260958.56,56892.73,318778.73,198745.51
202411,4,5,256608.5,182336.69,30880.25,319489.07,195243.0
202411,4,6,335242.98,229011.44,23627.35,315958.65,200469.64
202411,5,1,221956.9,139888.93,21505.39,154448.26,101808.86
202411,5,2,73614.39,51474.8,4345.0,157794.08,106032.19
202411,5,3,157104.9,109968.29,8237.3,157774.37,105142.24
202411,5,4,166075.41,118186.66,16020.71,158577.15,104304.05
202411,5,5,218332.81,156865.75,27635.56,155760.21,97496.86
202411,5,6,120522.8,87729.45,7031.58,155973.69,102945.96
202411,6,1,135617.61,91667.89,17820.64,154394.38,99927.98
202411,6,2,180985.96,102991.13,25339.65,158131.84,106595.16
202411,6,3,123305.75,80539.92,17032.97,153714.54,93695.4
202411,6,4,100724.33,73099.1,9682.73,157041.21,103175.83
202411,6,5,121985.25,72298.61,17161.52,154514.99,96795.42
202411,6,6,170058.38,122426.12,9405.24,158566.35,100159.54
202412,1,1,234912.64,162570.25,32489.2,208446.49,141739.58
202412,1,2,140055.32,85046.37,11240.33,213316.9,141750.7
202412,1,3,270079.23,175614.92,19614.1,207405.67,127548.46
202412,1,4,291233.6,217825.92,28898.12,209376.84,135188.5
202412,1,5,155753.77,94648.79,12936.88,206526.11,137984.82
202412,1,6,118572.82,76417.81,12395.89,204217.24,139143.63
202412,2,1,222358.22,139057.11,19138.42,204221.84,134255.56
202412,2,2,257434.15,181640.14,25969.15,211705.69,142993.94
202412,2,3,163927.2,110973.9,20451.98,210641.69,147398.53
202412,2,4,222608.51,159735.17,17317.03,213831.65,145378.44
202412,2,5,316545.13,228370.2,28629.83,209919.26,132284.45
202412,2,6,281316.39,158183.08,29975.5,204996.56,124002.73
202412,3,1,406052.39,238649.18,49847.55,307972.91,204750.2
202412,3,2,202202.53,142909.58,19307.87,314074.96,206296.12
202412,3,3,298269.92,168793.37,28016.92,318994.97,219975.97
202412,3,4,378723.65,212021.15,19828.0,311108.64,194639.0
202412,3,5,268687.64,149497.93,22960.79,313049.25,191709.65
202412,3,6,252672.98,142799.05,35956.78,314039.92,189341.64
202412,4,1,322706.15,202389.01,21341.04,319739.36,205699.31
202412,4,2,323719.56,184451.22,27273.31,310014.69,214197.4
202412,4,3,201541.93,134925.62,15987.78,309938.39,192944.81
202412,4,4,337295.25,211358.61,29507.83,320104.5,210513.84
202412,4,5,285506.52,163790.61,39246.66,315223.98,190936.68
202412,4,6,258508.46,171073.12,25266.02,307293.41,192045.24
202412,5,1,196717.83,145069.4,19221.22,153661.36,92197.57
202412,5,2,93536.67,61301.28,6709.81,156049.35,96467.81
202412,5,3,154611.24,114656.16,10549.93,153380.01,94854.78
202412,5,4,86010.91,63367.66,11414.21,159784.49,109700.38
202412,5,5,143800.21,91673.67,11359.59,158677.58,102858.43
202412,5,6,217237.49,155077.23,25596.06,153946.4,94674.61
202412,6,1,115000.42,73092.22,14394.18,154549.83,94176.51
202412,6,2,154467.69,105433.45,18753.17,158309.94,108008.42
202412,6,3,78441.61,55042.66,9416.4,156907.42,100898.4
202412,6,4,148270.78,98136.7,20932.06,158188.6,109505.34
202412,6,5,122619.09,76245.7,8767.86,158725.13,103684.58
202412,6,6,205358.84,145486.67,14002.99,160077.87,106272.76
202501,1,1,290501.17,183006.84,31925.29,210184.1,126795.87
202501,1,2,211948.37,142051.79,18992.26,206073.5,128876.46
202501,1,3,323781.38,185354.73,45758.19,211504.41,146791.08
202501,1,4,274419.05,179832.17,39125.42,204025.34,134293.54
202501,1,5,179374.2,129858.14,20680.48,213564.42,132220.57
202501,1,6,230095.56,161558.45,22540.33,204964.64,141744.72
202501,2,1,258772.82,190536.11,28619.18,209407.16,143565.11
202501,2,2,164426.13,95180.89,14951.84,209140.71,126988.46
202501,2,3,274582.67,159730.48,18648.37,211175.82,142674.42
202501,2,4,161838.06,93308.91,18140.92,211083.89,146133.11
202501,2,5,204671.72,141348.68,29943.92,211885.16,139043.47
202501,2,6,207465.68,143572.23,26027.63,209783.95,141238.42
202501,3,1,199066.96,129546.83,10899.39,307714.88,184806.1
202501,3,2,243942.02,172128.93,32842.31,313929.7,197481.85
202501,3,3,330060.64,187644.77,35455.19,308804.78,213132.56
202501,3,4,390347.07,258399.05,37437.05,320106.39,198454.91
202501,3,5,332046.28,212128.82,21804.3,317118.68,207213.48
202501,3,6,289431.08,216638.31,14760.96,310924.96,204252.0
202501,4,1,297255.77,220823.74,37202.64,308207.54,197625.46
202501,4,2,345476.87,199974.7,32145.99,306016.06,209847.72
202501,4,3,239222.99,145743.3,22078.37,315089.13,204445.94
202501,4,4,217400.12,124871.96,25265.44,307532.21,206036.38
202501,4,5,274271.21,165857.96,14382.33,310542.69,191609.46
202501,4,6,398836.19,264390.21,21718.39,310034.44,215796.66
202501,5,1,175658.5,121066.36,16990.88,155124.41,101130.78
202501,5,2,63500.67,42916.62,4006.03,153378.45,98730.97
202501,5,3,194503.62,135548.34,27299.45,156604.13,104509.58
202501,5,4,138153.57,85766.83,7850.98,153291.49,106604.37
202501,5,5,192695.45,120777.7,23655.69,159758.3,98625.0
202501,5,6,168128.69,115250.99,17028.28,153655.43,100429.78
202501,6,1,118149.92,82305.09,15701.03,158805.3,105913.23
202501,6,2,192938.95,123965.45,26591.62,158347.67,95760.25
202501,6,3,105900.57,60780.69,15511.11,159646.26,102441.98
202501,6,4,93849.37,59709.11,5340.21,153476.18,95746.46
202501,6,5,164357.74,113339.77,22121.79,153318.47,96587.84
202501,6,6,203539.38,151931.25,25362.22,159053.91,101765.65
202502,1,1,185228.18,111422.25,11362.13,206229.96,141114.71
202502,1,2,310949.16,211745.8,39910.17,206875.93,127821.21
202502,1,3,157560.12,97012.73,18337.35,210231.59,144473.1
202502,1,4,182532.86,123063.87,14084.31,206371.68,132142.71
202502,1,5,199965.22,136277.68,19734.51,213241.12,135132.91
202502,1,6,234697.23,165517.3,24173.37,206860.24,136300.03
202502,2,1,214243.77,142345.7,11826.62,204356.72,132455.42
202502,2,2,209047.63,123112.8,22070.97,210906.54,127109.82
202502,2,3,234074.61,134795.22,15999.38,207464.6,134375.5
202502,2,4,256518.2,170527.17,31087.6,211237.06,142134.0
202502,2,5,253336.13,153557.66,22294.43,211279.08,136190.5
202502,2,6,142989.42,105111.52,7569.79,205581.9,137412.96
202502,3,1,342236.1,244431.12,26928.85,306001.73,193331.36
202502,3,2,285440.31,160925.89,27201.04,315979.32,213217.08
202502,3,3,243757.44,178979.9,16453.37,316982.44,211364.89
202502,3,4,293905.49,209385.27,17762.8,320572.85,213543.42
202502,3,5,364810.27,233383.24,39912.83,314341.9,216993.33
202502,3,6,253399.91,167371.91,14974.42,309741.26,204033.98
202502,4,1,287148.77,168106.57,41754.8,306663.83,206559.87
202502,4,2,248585.28,141614.12,20697.54,313026.86,214759.52
202502,4,3,215795.7,130830.75,14223.8,315701.71,198767.16
202502,4,4,303219.81,212518.71,42419.85,308043.6,188222.98
202502,4,5,274558.47,197723.05,20434.78,308500.56,185911.96
202502,4,6,276294.49,198189.15,16008.86,317305.83,209985.2
202502,5,1,182331.95,102530.33,25199.34,154871.8,101502.46
202502,5,2,149489.44,83423.86,12853.57,159567.84,110691.39
202502,5,3,88853.7,54395.48,12658.28,158773.66,105994.73
202502,5,4,135753.66,96951.92,10397.81,153173.0,95739.51
202502,5,5,184091.66,116582.24,12736.95,156009.72,95551.68
202502,5,6,144316.78,99586.39,10972.71,156013.35,101262.61
202502,6,1,164131.78,108814.31,18683.94,156002.62,100160.62
202502,6,2,138601.08,99210.27,17927.98,157139.81,94622.78
202502,6,3,123644.11,79931.28,8834.27,153711.32,97113.23
202502,6,4,140556.68,93521.49,20200.17,156266.39,98921.43
202502,6,5,142573.35,88394.32,14128.4,156436.43,100404.39
202502,6,6,73221.75,44270.84,6935.33,153605.5,100468.88
202503,1,1,244053.19,167387.18,14708.33,212093.78,147340.73
202503,1,2,182179.6,111208.38,22536.15,205191.57,141894.01
202503,1,3,213160.93,135890.32,23489.32,211823.02,136012.01
202503,1,4,117109.29,79165.83,13327.21,208904.89,131601.07
202503,1,5,178420.2,130325.85,17030.95,208593.31,127647.94
202503,1,6,201550.98,123979.21,30113.94,209073.81,126753.43
202503,2,1,286136.49,184061.23,16213.89,208099.98,142008.7
202503,2,2,294378.03,216596.58,43850.69,207452.79,139226.11
202503,2,3,204981.47,148685.24,12120.58,211693.74,144905.03
202503,2,4,177150.66,101959.04,9431.77,207359.3,135419.28
202503,2,5,263940.21,156745.96,25119.12,206693.48,138778.08
202503,2,6,262347.84,192905.68,20604.73,209941.88,127560.73
202503,3,1,274143.7,157599.98,20376.35,317791.9,208985.52
202503,3,2,298502.92,175785.52,36781.7,309680.23,209386.56
202503,3,3,287625.91,214631.13,20417.92,311142.02,212167.0
202503,3,4,371462.88,213730.82,31687.51,311200.66,191780.04
202503,3,5,354828.14,216598.91,30999.59,320070.75,220856.54
202503,3,6,255062.69,181654.55,22366.86,310480.5,190580.65
202503,4,1,326459.72,183696.65,47088.54,319815.03,198529.45
202503,4,2,289207.42,166057.81,34797.24,312335.54,202953.25
202503,4,3,271194.7,165815.58,19670.1,317508.84,209235.28
202503,4,4,318061.04,199917.71,33123.33,313443.48,188700.44
202503,4,5,290854.17,212947.17,38879.63,318155.55,210651.72
202503,4,6,290981.41,165567.51,21093.88,319883.95,196919.29
202503,5,1,200053.27,112882.51,15402.67,154614.77,98082.12
202503,5,2,148711.32,110104.29,21517.11,160154.3,111104.87
202503,5,3,168366.24,102996.53,16608.14,154420.96,107309.88
202503,5,4,184612.91,134376.49,16166.81,153203.1,101514.04
202503,5,5,71371.99,46963.73,10587.82,155333.78,101794.31
202503,5,6,136128.32,78632.33,14628.2,155170.67,94042.39
202503,6,1,113166.67,72074.76,6536.92,157483.39,106530.79
202503,6,2,153099.19,90257.32,16606.78,156842.58,107358.23
202503,6,3,46533.18,29859.55,3152.62,155247.75,103703.56
202503,6,4,100584.94,65978.01,11550.75,156698.69,94113.92
202503,6,5,109971.48,75340.79,10995.23,157950.46,105576.12
202503,6,6,227227.05,158380.29,32695.29,156931.57,95876.9
202504,1,1,143917.04,107883.4,9380.78,213845.12,140547.93
202504,1,2,124884.24,82154.19,10431.42,204518.56,141877.42
202504,1,3,139485.66,90896.52,15225.24,208349.11,133535.28
202504,1,4,169141.8,99011.28,16648.98,209764.16,137241.64
202504,1,5,222925.75,158780.34,19750.57,208298.34,134494.61
202504,1,6,138236.64,79653.57,12185.83,212590.98,132488.46
202504,2,1,216373.74,156621.41,23152.98,207563.54,132164.08
202504,2,2,213664.91,124755.22,16407.28,205838.69,124927.18
202504,2,3,194800.65,118303.81,19374.93,209470.13,131301.82
202504,2,4,151604.5,89770.52,12777.34,204352.68,125386.98
202504,2,5,240907.2,174307.3,30086.41,213098.53,130513.26
202504,2,6,146005.99,95831.88,9993.93,211665.65,135962.69
202504,3,1,269551.76,171175.01,32987.18,310934.25,212330.78
202504,3,2,315670.59,201480.03,36817.55,316133.48,190918.5
202504,3,3,299902.24,195220.29,16014.68,310547.31,190000.17
202504,3,4,298597.36,183107.56,25945.39,318973.86,216370.75
202504,3,5,319314.2,220353.74,45634.93,320227.89,196793.87
202504,3,6,191206.72,117698.04,17173.63,306329.5,189831.67
202504,4,1,315147.36,198317.36,29505.18,307906.93,204538.4
202504,4,2,233110.67,153001.88,25702.52,312828.12,205260.81
202504,4,3,308929.33,225853.78,36576.68,316624.04,211926.93
202504,4,4,368165.29,227852.15,37347.71,320272.58,214689.18
202504,4,5,323488.93,209340.59,43804.0,310685.79,204315.79
202504,4,6,289846.42,170587.7,27189.34,315097.86,211112.59
202504,5,1,228853.33,137767.33,27890.89,156318.37,104924.21
202504,5,2,228307.43,153673.51,33917.68,158330.74,98414.98
202504,5,3,149824.27,108316.04,9315.08,158652.7,106298.3
202504,5,4,153068.06,109184.8,19143.98,155005.35,94022.58
202504,5,5,149145.44,90332.9,13879.39,153954.99,95487.82
202504,5,6,119590.44,79077.12,16619.96,155112.41,94590.06
202504,6,1,216279.77,138091.82,12718.86,159631.99,100913.56
202504,6,2,172408.45,99606.67,25102.71,155374.74,95832.75
202504,6,3,183874.88,104298.22,17973.01,159820.32,96408.91
202504,6,4,168718.85,116841.67,10922.93,159648.09,110648.91
202504,6,5,238306.12,162879.51,29046.88,155563.03,96918.62
202504,6,6,145615.99,103562.99,16904.81,158362.57,109728.53
202505,1,1,232480.75,140375.53,25552.62,204084.64,127285.16
202505,1,2,231449.01,168231.28,21745.74,208280.57,141529.3
202505,1,3,203441.44,120265.81,21832.01,211473.85,131580.68
202505,1,4,251460.1,139766.2,34565.27,212083.2,134100.96
202505,1,5,222675.69,139471.93,24746.66,205750.53,135332.35
202505,1,6,169062.13,99724.84,13094.31,213412.07,139297.56
202505,2,1,201151.95,130619.7,24100.14,206888.87,133898.19
202505,2,2,268022.73,200998.61,38915.05,211951.03,128137.77
202505,2,3,155435.94,109506.46,11261.03,211185.33,129084.88
202505,2,4,143927.85,81393.82,16116.65,208387.25,126486.08
202505,2,5,144859.27,88429.05,14092.6,208444.21,127416.91
202505,2,6,166957.91,99014.87,23878.33,209294.61,135040.43
202505,3,1,247837.35,175817.1,15360.55,318871.49,200799.32
202505,3,2,350265.23,244887.71,45950.3,309680.01,188393.28
202505,3,3,241731.51,167978.5,29113.32,318972.9,195374.84
202505,3,4,279505.35,202829.96,30440.93,313736.87,199931.09
202505,3,5,350485.01,251853.03,28306.94,310788.39,189943.47
202505,3,6,296939.48,198315.15,20663.85,312256.62,201728.57
202505,4,1,310197.59,184381.69,24124.61,317497.27,211271.4
202505,4,2,277887.07,159232.75,26700.26,306820.15,191031.02
202505,4,3,353179.74,212404.01,29627.64,307671.83,186938.36
202505,4,4,346416.59,254568.01,39949.5,318358.62,219679.36
202505,4,5,375001.71,233453.53,19139.98,316712.42,197880.83
202505,4,6,382339.75,221398.3,34583.97,316388.49,219707.51
202505,5,1,236563.59,135566.53,24353.48,153524.01,107390.75
202505,5,2,196313.95,125006.71,24645.07,154127.83,105411.67
202505,5,3,140334.96,89438.4,14266.95,153879.6,104332.7
202505,5,4,135660.42,87288.49,19297.78,158294.96,102375.9
202505,5,5,108346.34,65046.79,14695.14,158206.98,106293.68
202505,5,6,82692.18,49524.19,10129.13,159321.88,111472.0
202505,6,1,200299.58,136756.91,22847.28,158022.88,105621.08
202505,6,2,74702.85,51473.39,9150.43,156857.52,102965.06
202505,6,3,145902.46,101636.09,8740.95,159101.95,104535.26
202505,6,4,153905.21,91826.07,10789.73,155901.63,107183.63
202505,6,5,135780.6,76754.53,15573.13,159937.51,110061.27
202505,6,6,217068.87,143923.23,16173.58,160045.03,99435.97
202506,1,1,194847.16,136584.17,11645.46,210999.37,138195.04
202506,1,2,193870.73,123188.88,10645.48,204794.68,132919.19
202506,1,3,188583.11,135773.6,23912.09,212651.41,143777.68
202506,1,4,208007.06,132503.45,21866.11,206951.7,142498.22
202506,1,5,243009.94,137523.52,28332.74,211029.38,141071.14
202506,1,6,230350.22,168931.1,24764.78,205063.34,124125.68
202506,2,1,249551.0,162922.13,20046.64,208613.37,127689.94
202506,2,2,144915.36,104518.48,13410.31,208529.66,142650.64
202506,2,3,173941.64,129860.35,12510.31,210258.96,130623.68
202506,2,4,241449.5,170327.96,26357.82,204777.99,128397.11
202506,2,5,330801.03,191218.94,34094.16,211473.36,145793.07
202506,2,6,249813.69,176173.69,13851.92,209697.01,146210.79
202506,3,1,344394.96,199885.2,32090.51,311712.34,192905.88
202506,3,2,213783.11,126591.15,24702.13,316941.98,220166.15
202506,3,3,325000.53,193261.72,42953.62,306208.95,213984.3
202506,3,4,260311.08,180884.5,28600.7,306476.09,195328.63
202506,3,5,185667.04,110515.27,12338.81,320730.24,218705.03
202506,3,6,302865.36,219466.82,24160.92,316863.03,202106.82
202506,4,1,174621.28,106924.43,9922.48,315990.93,205467.36
202506,4,2,306032.84,186537.38,23458.58,315889.82,218273.66
202506,4,3,396622.36,232670.56,49911.68,310243.86,210529.86
202506,4,4,361289.22,199609.58,20201.3,318867.68,195584.22
202506,4,5,297239.81,200100.69,29641.44,314525.0,208716.47
202506,4,6,331235.01,204000.42,28528.84,315606.98,205309.68
202506,5,1,178370.86,123874.32,11655.18,156305.52,99583.93
202506,5,2,254407.83,142617.02,32042.21,157850.16,100452.01
202506,5,3,130341.08,87392.83,13027.06,157065.58,99984.68
202506,5,4,120469.14,73929.36,9675.03,153751.82,100582.74
202506,5,5,95978.73,64666.32,13783.88,158904.25,108950.68
202506,5,6,200384.87,133754.22,25895.52,155948.05,97026.52
202506,6,1,133600.87,98363.4,16691.76,159387.64,110118.5
202506,6,2,199220.4,126208.58,26873.15,159787.58,107509.23
202506,6,3,114240.17,79176.12,6136.17,156579.81,96803.95
202506,6,4,241072.85,167083.27,15180.17,158700.6,110902.97
202506,6,5,184822.6,111682.07,23258.17,159421.48,100003.53
202506,6,6,115447.76,75979.48,9791.27,155752.25,100132.4
202507,1,1,182105.01,106798.23,26165.76,207359.08,137753.68
202507,1,2,182518.36,127382.65,15255.25,212468.31,131163.86
202507,1,3,226562.53,169133.54,20238.11,205676.34,135966.05
202507,1,4,180747.63,127970.43,9922.03,209181.23,127712.84
202507,1,5,199912.23,148127.72,13507.71,207594.42,125227.27
202507,1,6,164766.56,97573.79,15919.22,205386.38,134223.08
202507,2,1,170252.94,110411.92,11752.49,213849.89,137162.67
202507,2,2,231329.5,171167.13,32058.99,208484.73,137872.1
202507,2,3,253921.38,183391.53,21574.57,213410.49,146696.79
202507,2,4,202924.38,129196.87,14205.48,212827.04,141136.53
202507,2,5,251815.49,155248.04,13996.89,206924.25,144751.49
202507,2,6,141565.95,84364.97,13565.61,208562.3,140604.75
202507,3,1,373673.45,215094.22,37074.82,318252.23,217233.79
202507,3,2,310003.39,190964.69,30081.01,319879.13,217983.82
202507,3,3,331124.69,191325.06,40805.94,319900.55,218493.21
202507,3,4,338670.2,217452.72,36747.63,313926.68,193598.12
202507,3,5,257378.48,142761.5,24707.04,318293.68,196549.07
202507,3,6,343764.32,237321.0,46449.7,314464.04,203887.57
202507,4,1,343560.25,256587.34,38163.53,312359.68,195265.43
202507,4,2,282953.99,161434.15,41475.31,318225.35,196468.4
202507,4,3,255610.52,181078.71,18868.65,317257.04,204542.37
202507,4,4,372130.53,262208.14,42866.14,316372.39,192897.13
202507,4,5,325403.34,214314.55,18544.96,320146.42,212273.83
202507,4,6,266532.09,149900.15,29785.3,311415.36,191034.91
202507,5,1,125251.11,70152.35,10794.12,153203.88,94345.13
202507,5,2,72681.15,50157.86,10228.44,153824.74,99606.13
202507,5,3,102978.14,72604.35,14015.0,157149.23,109071.14
202507,5,4,211079.69,136076.68,25336.71,156065.97,101267.27
202507,5,5,137809.2,78262.54,18331.26,153208.82,98861.92
202507,5,6,108462.43,60574.4,8769.53,154394.24,103019.94
202507,6,1,150379.15,95541.36,8171.86,153124.17,95134.33
202507,6,2,91261.6,65951.97,11870.89,153367.51,94163.85
202507,6,3,223623.02,142609.96,11277.83,154736.55,99854.47
202507,6,4,166180.24,100038.74,8639.57,160230.31,97272.53
202507,6,5,200140.29,129350.92,27702.11,153536.64,101294.32
202507,6,6,199128.5,118878.49,19711.49,153223.81,106420.6
202508,1,1,155372.23,115498.67,20232.31,211691.83,136482.33
202508,1,2,226895.92,162050.92,18523.19,206908.19,144272.8
202508,1,3,211384.51,146106.0,22169.05,209649.9,142781.58
202508,1,4,239490.04,138228.67,14303.8,212835.92,138153.38
202508,1,5,222877.66,149717.68,27461.91,204303.8,124972.15
202508,1,6,128546.54,85144.08,11595.1,211679.89,136131.42
202508,2,1,265963.83,171702.05,27745.18,206157.23,128946.87
202508,2,2,170643.12,94378.73,15689.28,204656.37,130477.72
202508,2,3,134481.79,92333.55,18160.25,207037.23,137976.09
202508,2,4,183080.17,124978.47,10290.28,206177.01,127739.32
202508,2,5,136429.87,75493.31,16013.97,205895.05,131145.41
202508,2,6,227290.8,126718.49,28567.15,209318.29,144781.75
202508,3,1,320822.94,176733.47,29381.74,315532.17,203104.96
202508,3,2,292204.16,161648.9,24181.31,316388.66,194507.84
202508,3,3,317450.78,222660.05,42052.81,314314.57,191614.42
202508,3,4,320310.75,231219.18,42584.73,314022.17,217914.14
202508,3,5,383645.64,221975.59,44574.62,312067.42,192935.83
202508,3,6,264534.17,197504.02,32539.18,314259.74,200167.6
202508,4,1,266263.07,177191.42,23434.42,313503.09,206117.5
202508,4,2,328612.84,218869.26,40041.31,318310.22,203672.86
202508,4,3,358841.2,238882.85,23056.41,306716.34,186724.07
202508,4,4,310961.08,179946.37,41927.74,318029.38,217009.62
202508,4,5,250708.07,185753.07,36435.18,307458.22,214865.83
202508,4,6,256973.65,192305.21,16488.66,318186.81,197669.18
202508,5,1,121087.49,68727.53,10085.61,156055.02,103109.75
202508,5,2,76851.29,45644.28,4133.53,158673.35,99779.84
202508,5,3,178087.17,118674.11,21175.27,154744.34,101051.39
202508,5,4,130084.8,73739.86,9490.74,153258.52,100746.27
202508,5,5,83104.26,55705.7,9608.82,154508.82,101895.31
202508,5,6,152225.8,103147.27,10969.74,158657.15,103292.31
202508,6,1,94802.32,59654.27,9919.49,159653.82,101773.66
202508,6,2,195095.89,143920.65,28239.39,154061.41,100004.37
202508,6,3,129402.73,91638.5,6960.41,153905.56,94692.5
202508,6,4,121516.27,81992.25,10804.74,159180.85,98624.64
202508,6,5,156892.3,104794.69,18391.01,156923.68,95412.76
202508,6,6,147930.98,86655.24,13565.34,157880.54,105887.22
202509,1,1,194011.18,113465.18,16373.47,206255.69,141400.79
202509,1,2,232603.69,151896.85,26607.45,209364.32,142597.34
202509,1,3,198798.88,123362.75,22550.14,208356.42,125691.44
202509,1,4,247784.57,140040.28,17158.99,207156.4,142012.85
202509,1,5,151176.62,106269.98,12608.99,209741.29,136966.42
202509,1,6,86909.56,58811.88,9075.19,207520.57,143272.82
202509,2,1,158295.57,93136.32,18438.66,208885.92,135250.67
202509,2,2,180222.06,101106.86,23318.54,204773.49,123937.29
202509,2,3,178305.39,108609.63,16620.06,210968.58,138629.63
202509,2,4,304998.54,171534.74,43090.87,210561.05,135079.74
202509,2,5,189559.68,111518.31,9587.75,204963.61,126455.17
202509,2,6,249959.25,145185.72,22590.3,211364.1,142071.17
202509,3,1,379853.27,242245.15,22435.61,317285.45,192125.51
202509,3,2,264272.47,169546.37,35476.41,316007.58,195715.49
202509,3,3,302979.12,198807.45,24573.22,319531.35,212000.72
202509,3,4,320559.56,211100.78,36289.97,315626.54,196430.7
202509,3,5,220970.57,150889.13,31784.3,314686.1,195860.1
202509,3,6,336285.73,213935.93,21819.56,318150.6,200955.62
202509,4,1,348708.2,240016.69,20870.38,306140.86,203585.58
202509,4,2,295268.99,189411.81,16510.05,306307.78,189350.13
202509,4,3,351831.14,216460.64,48212.67,306441.31,213252.98
202509,4,4,369735.08,270442.27,50135.24,307014.7,189520.37
202509,4,5,278885.58,162493.73,17156.4,313831.02,195654.96
202509,4,6,300109.43,223502.0,29853.25,307667.66,193212.37
202509,5,1,92960.39,53548.53,4648.15,156207.63,97379.59
202509,5,2,165523.19,99152.51,9002.9,158750.54,105961.91
202509,5,3,297849.73,217573.61,39964.95,159921.11,111913.61
202509,5,4,116777.23,83774.99,8879.33,159013.82,109275.21
202509,5,5,186916.8,117886.46,11536.63,158647.14,96407.22
202509,5,6,75724.38,47462.25,5931.86,156397.83,99071.48
202509,6,1,142275.99,79023.27,9664.75,158026.41,97368.89
202509,6,2,173174.08,115638.62,24346.8,157241.68,107804.63
202509,6,3,206475.94,114202.6,10553.64,155462.4,94399.24
202509,6,4,143539.66,83262.69,19196.03,153156.22,100886.0
202509,6,5,116562.9,79791.94,11384.08,155950.36,105454.28
202509,6,6,165526.47,99084.35,18506.23,154760.83,105847.09
202510,1,1,243578.83,150209.08,19637.34,210255.64,147039.29
202510,1,2,299240.44,206262.28,23754.2,206817.01,131398.05
202510,1,3,122641.22,69768.83,7593.35,207004.45,125692.34
202510,1,4,267917.81,156767.17,33577.32,206571.58,142920.97
202510,1,5,155768.95,109502.67,17453.06,207943.44,125728.92
202510,1,6,221731.49,162508.56,33080.88,206987.89,142183.41
202510,2,1,252285.54,177907.5,22783.7,204112.57,128813.36
202510,2,2,229148.35,162309.25,14074.58,206341.41,126813.05
202510,2,3,274760.83,164553.31,16236.9,213134.17,148407.02
202510,2,4,157957.83,95199.29,13736.33,209216.94,145558.16
202510,2,5,195517.19,107997.19,16282.21,207869.15,125073.44
202510,2,6,297858.77,169508.4,34339.41,211979.05,133738.62
202510,3,1,317664.91,210858.79,17610.23,306835.93,214475.35
202510,3,2,269136.27,153311.38,28791.09,320960.43,202865.12
202510,3,3,265279.68,183527.68,29528.11,308098.38,185820.36
202510,3,4,308307.41,217433.83,32816.21,311553.96,211164.07
202510,3,5,262237.0,145564.04,31758.26,309253.69,189466.26
202510,3,6,274473.48,154801.74,30355.53,316537.9,219384.41
202510,4,1,288899.71,162757.51,31344.29,311724.5,192635.0
202510,4,2,268771.29,170238.05,31532.83,310566.35,202106.93
202510,4,3,353844.97,211673.58,52034.81,314913.94,194274.28
202510,4,4,323654.37,215377.9,47840.67,306933.65,189497.19
202510,4,5,277923.35,200122.69,21538.29,311218.28,192650.62
202510,4,6,217915.39,139586.92,26340.0,320073.41,200500.58
202510,5,1,167150.93,119084.42,20318.15,153143.81,99981.24
202510,5,2,151509.97,91092.06,9732.94,159150.31,104528.29
202510,5,3,180633.45,99908.3,20789.73,155765.02,97306.49
202510,5,4,101199.69,62521.89,7973.68,154152.16,105219.35
202510,5,5,180369.09,119677.34,26503.58,159035.67,104506.51
202510,5,6,133869.16,79353.64,13754.29,156413.1,106742.59
202510,6,1,103011.86,71705.85,7759.37,156414.38,97893.49
202510,6,2,145114.74,85238.65,14056.72,153635.72,100126.54
202510,6,3,105770.54,72178.43,12697.31,157080.74,100162.99
202510,6,4,118536.32,72692.9,10967.63,159434.88,98862.04
202510,6,5,210984.2,131704.65,19858.23,159939.43,104701.96
202510,6,6,214499.34,122321.78,28420.37,159085.02,96979.12
202511,1,1,121341.03,77203.42,17824.21,213978.56,133204.41
202511,1,2,147677.36,98793.68,18211.52,206198.05,129447.39
202511,1,3,150619.67,108934.24,14841.3,210250.03,145161.92
202511,1,4,258947.01,148703.55,20531.53,212652.69,148429.98
202511,1,5,187179.35,124845.45,24685.25,209247.74,140256.02
202511,1,6,226273.15,162053.73,32132.75,213121.53,148288.85
202511,2,1,316751.42,196234.01,30634.4,208849.16,142941.79
202511,2,2,178211.96,104344.27,14651.06,204422.17,124870.65
202511,2,3,220393.97,138666.73,14473.45,212389.76,128841.8
202511,2,4,282443.49,164603.84,21404.88,212804.2,144126.83
202511,2,5,223438.56,129861.01,12553.39,213806.74,144798.79
202511,2,6,207742.29,153689.95,23549.88,213981.1,137221.12
202511,3,1,231789.93,167800.44,22366.39,315344.43,192644.52
202511,3,2,336215.74,213158.98,27435.74,318528.58,221741.91
202511,3,3,236298.42,150103.79,17562.87,315864.54,213592.32
202511,3,4,276928.73,195299.44,36622.67,316885.37,197387.02
202511,3,5,257995.31,163044.45,26735.68,315377.36,206021.83
202511,3,6,324697.19,204908.13,34058.54,314028.86,192222.19
202511,4,1,296663.44,203897.99,31423.69,314915.45,203863.09
202511,4,2,280614.68,204811.25,28241.26,314942.13,217005.12
202511,4,3,265950.12,186749.62,35969.11,316564.49,203541.42
202511,4,4,288448.66,208586.88,42543.33,316245.48,190147.75
202511,4,5,268975.2,159446.81,40296.96,309420.23,215293.3
202511,4,6,255320.32,157961.06,17735.48,306645.41,206515.82
202511,5,1,177524.15,127240.04,15566.16,156829.75,101833.92
202511,5,2,230038.31,169892.79,27698.12,159660.89,106349.46
202511,5,3,197622.4,121621.93,18229.61,156408.35,102663.76
202511,5,4,262774.93,193105.92,34343.53,156823.52,107781.68
202511,5,5,92528.02,57447.7,5689.28,154641.8,100998.69
202511,5,6,324463.16,208283.82,34854.89,159531.46,96016.07
202511,6,1,77879.29,45094.65,4766.83,159509.08,110002.67
202511,6,2,104139.57,77671.35,11408.03,154652.26,103504.55
202511,6,3,181376.06,120957.7,20391.46,155157.21,100435.79
202511,6,4,193544.29,135725.89,17958.42,153603.9,101022.46
202511,6,5,169396.18,98329.27,22106.77,157236.35,101291.61
202511,6,6,168861.27,109802.17,20206.05,159518.6,105185.56
202512,1,1,170935.42,118727.88,23972.97,213411.17,134999.38
202512,1,2,334664.31,189565.24,17181.33,211863.88,147973.72
202512,1,3,187054.45,113845.38,15959.39,209986.85,145990.49
202512,1,4,137794.97,96280.45,8628.87,212066.25,146451.03
202512,1,5,270781.6,179663.19,22926.29,208203.25,133820.75
202512,1,6,125273.02,73332.97,12518.83,211566.98,127700.12
202512,2,1,146424.33,98930.86,14026.56,206230.2,139915.19
202512,2,2,200509.6,129330.25,14043.03,211172.2,129187.07
202512,2,3,173802.27,126743.23,15447.19,213580.18,130875.59
202512,2,4,291550.64,188537.8,27485.66,205002.12,123507.83
202512,2,5,214715.3,137037.85,27132.52,204019.3,127559.82
202512,2,6,156343.27,111980.97,14108.78,210766.72,130290.32
202512,3,1,326068.55,192222.61,19077.25,309743.57,212764.86
202512,3,2,325790.95,187886.64,44144.32,313521.02,215184.19
202512,3,3,240760.87,168075.18,25896.15,318259.84,207061.21
202512,3,4,348756.49,242539.05,34956.47,308787.07,197640.4
202512,3,5,181933.63,114345.23,17136.57,313840.44,211935.88
202512,3,6,332348.11,219000.13,40637.84,306651.36,196398.05
202512,4,1,343847.9,219351.49,34151.29,308488.14,200340.55
202512,4,2,304810.31,179170.59,29233.8,307224.62,210359.61
202512,4,3,331899.82,214605.61,39083.86,310787.91,209594.47
202512,4,4,330697.39,230325.54,37445.44,309153.38,204779.75
202512,4,5,337629.83,225834.89,21643.97,316062.91,220938.68
202512,4,6,247833.04,170741.38,29301.45,307147.11,195594.91
202512,5,1,249359.03,164903.54,34669.43,160247.5,108683.56
202512,5,2,103399.93,63537.78,11426.35,158849.34,101538.95
202512,5,3,136380.64,75014.18,9473.32,160080.59,105705.48
202512,5,4,129293.92,76662.82,13371.35,157045.15,99442.8
202512,5,5,168090.55,107592.57,11560.01,155186.58,103785.7
202512,5,6,52114.04,36615.05,4718.6,157500.64,104292.74
202512,6,1,174161.01,99749.8,19207.73,156748.33,106191.35
202512,6,2,269693.06,171189.97,18612.62,160193.06,99849.28
202512,6,3,92027.77,52676.72,6531.49,156642.2,97876.87
202512,6,4,166353.11,110371.67,16189.05,155512.72,99090.31
202512,6,5,92817.51,66722.32,12952.96,155756.24,101458.26
202512,6,6,169616.71,100679.28,10638.04,155942.07,103813.04
